method,build_time,qps,recall
Pre-Filter,1.0321331024169922,2039.597614709325,1.0
Post-Filter,13.241392850875854,9578.988957783791,0.6387000000000004
ACORN-1 (Build Opt),47.77359485626221,113.39342929730556,0.9933999999999995
ACORN-gamma (Search Opt),103.20715761184692,207.03722525068866,0.9690999999999976
